image_id,class_name,class_id_binary,class_id_4way,split,cell_id,centroid_y,centroid_x,touches_border,cell_area,cell_perimeter,cell_eq_diameter,cell_major_axis,cell_minor_axis,cell_aspect_ratio,cell_eccentricity,cell_solidity,cell_extent,cell_circularity,cell_L_mean,cell_L_std,cell_a_mean,cell_a_std,cell_b_mean,cell_b_std,nucleus_found,nucleus_contrast,nc_ratio,nucleus_area,nucleus_perimeter,nucleus_eq_diameter,nucleus_major_axis,nucleus_minor_axis,nucleus_aspect_ratio,nucleus_eccentricity,nucleus_solidity,nucleus_extent,nucleus_circularity,nucleus_L_mean,nucleus_L_std,nucleus_a_mean,nucleus_a_std,nucleus_b_mean,nucleus_b_std,cytoplasm_L_mean,cytoplasm_a_mean,cytoplasm_b_mean,nuc_cyto_L_contrast,nucleus_glcm_contrast,nucleus_glcm_homogeneity,nucleus_glcm_energy,nucleus_glcm_correlation,nucleus_entropy,cell_glcm_contrast,cell_glcm_homogeneity,cell_glcm_energy,cell_glcm_correlation,cell_entropy
WBC-Malignant-Early-012,Early,1,1,train,1,34.09703947368421,96.38980263157895,False,608.0,92.20336432771484,27.823185353208192,35.54060266134528,21.848029431294336,1.62671891179523,0.7887342223747733,0.9605055292259084,0.7450980392156863,0.8987106896960217,70.34452056884766,4.156937122344971,26.878393173217773,6.688713550567627,-36.059906005859375,6.130788803100586,False,3.615386962890625,nan,nan,nan,nan,nan,nan,nan,nan,nan,nan,nan,nan,nan,nan,nan,nan,nan,nan,nan,nan,nan,nan,nan,nan,nan,nan,1.7060761119629237,0.6365202965251276,0.2802907509834518,0.4952203676437499,2.4654232062101062
WBC-Malignant-Early-012,Early,1,1,train,2,92.77102803738318,87.30140186915888,False,428.0,74.58293387901168,23.34408972623798,26.148835312821916,21.01806736959215,1.2441122607996156,0.5949185566294523,0.963963963963964,0.7205387205387206,0.9668847412036371,62.54072952270508,6.49645471572876,31.152490615844727,11.317342758178711,-47.673519134521484,10.162554740905762,False,4.420143127441406,nan,nan,nan,nan,nan,nan,nan,nan,nan,nan,nan,nan,nan,nan,nan,nan,nan,nan,nan,nan,nan,nan,nan,nan,nan,nan,4.209579734458748,0.4969966755517217,0.18148545698923102,0.44914140038595063,3.0121675413259603
WBC-Malignant-Early-012,Early,1,1,train,3,115.67011834319527,154.98076923076923,False,676.0,99.6925551444485,29.33785834448333,37.4520184662653,23.58721351861054,1.5878102106768692,0.7767588025203125,0.952112676056338,0.6933333333333334,0.8547342473267201,74.44356536865234,5.328172206878662,21.258806228637695,6.6735687255859375,-30.745168685913086,6.692166328430176,False,5.210441589355469,nan,nan,nan,nan,nan,nan,nan,nan,nan,nan,nan,nan,nan,nan,nan,nan,nan,nan,nan,nan,nan,nan,nan,nan,nan,nan,1.8461038315237748,0.628189113649461,0.2766041329038115,0.6843604739495223,2.659136889841529
WBC-Malignant-Early-012,Early,1,1,train,4,116.70657276995306,99.86854460093896,False,426.0,74.44818085789854,23.28948359361322,27.050709207651074,20.18353297701717,1.3402365799116291,0.6657925275316081,0.9659863945578231,0.8192307692307692,0.965853555042463,71.8810043334961,3.3124678134918213,23.95825958251953,5.1512932777404785,-34.63068389892578,5.222112655639648,False,3.2418441772460938,nan,nan,nan,nan,nan,nan,nan,nan,nan,nan,nan,nan,nan,nan,nan,nan,nan,nan,nan,nan,nan,nan,nan,nan,nan,nan,1.0433048628167667,0.6787827058022962,0.33609564550209975,0.4988067140006474,2.1305888697585984
WBC-Malignant-Early-012,Early,1,1,train,5,116.33419689119171,123.69689119170984,False,386.0,70.56065828700996,22.16913314200113,24.994271561491193,19.737352093910285,1.2663437041893206,0.6135253460389203,0.9674185463659147,0.7352380952380952,0.9742533796387323,71.54309844970703,4.501068592071533,24.163211822509766,5.450131416320801,-34.58998489379883,6.196685314178467,False,3.9727935791015625,nan,nan,nan,nan,nan,nan,nan,nan,nan,nan,nan,nan,nan,nan,nan,nan,nan,nan,nan,nan,nan,nan,nan,nan,nan,nan,1.7357961077705568,0.6166043282719251,0.26301283637372314,0.5597552704829426,2.5808315518658023
WBC-Malignant-Early-012,Early,1,1,train,6,121.38986354775828,187.40740740740742,False,513.0,83.5081680014271,25.557227675339483,30.644140049627342,21.575497953874045,1.4203213346519752,0.7101345145699289,0.9661016949152542,0.7286931818181818,0.9244199652439316,70.405029296875,4.41018533706665,25.494579315185547,6.073910713195801,-36.311283111572266,6.38392448425293,False,4.284416198730469,nan,nan,nan,nan,nan,nan,nan,nan,nan,nan,nan,nan,nan,nan,nan,nan,nan,nan,nan,nan,nan,nan,nan,nan,nan,nan,1.7574961453129376,0.6207337413554931,0.2738539214569498,0.5266366589871615,2.543067845835089
WBC-Malignant-Early-012,Early,1,1,train,7,140.64142194744977,8.922720247295208,True,647.0,99.00244175606556,28.701672171559103,39.834882850552944,21.02651445036756,1.8945071920779812,0.8493427354762502,0.9571005917159763,0.7702380952380953,0.8295113499234169,65.66828155517578,5.6381964683532715,31.751787185668945,9.256969451904297,-43.177452087402344,8.971985816955566,False,4.185535430908203,nan,nan,nan,nan,nan,nan,nan,nan,nan,nan,nan,nan,nan,nan,nan,nan,nan,nan,nan,nan,nan,nan,nan,nan,nan,nan,2.9063366011932437,0.5910129995087732,0.2677711433541315,0.4271177716212174,2.6592864491664088
WBC-Malignant-Early-012,Early,1,1,train,8,181.58174904942965,27.163498098859314,False,526.0,82.492732041902,25.879026267050612,27.580778940718805,24.364739382382457,1.1319956478033082,0.4686279698044669,0.9704797047970479,0.7792592592592592,0.9713242558829053,70.73641967773438,3.9796643257141113,25.034635543823242,5.459782123565674,-35.92026901245117,5.644956588745117,False,3.1630401611328125,nan,nan,nan,nan,nan,nan,nan,nan,nan,nan,nan,nan,nan,nan,nan,nan,nan,nan,nan,nan,nan,nan,nan,nan,nan,nan,1.7293394104079065,0.6179542132174342,0.2672775269554887,0.4455435639127374,2.4533019145802752
WBC-Malignant-Early-012,Early,1,1,train,9,204.9106796116505,146.83495145631068,False,515.0,81.61204910349005,25.60699837034026,27.36036658381044,24.14431205929284,1.1332013319170045,0.4703954697641364,0.9698681732580038,0.7357142857142858,0.971647032587237,69.52568054199219,4.12487268447876,27.088834762573242,6.755296230316162,-37.7204475402832,6.740657806396484,False,3.1348648071289062,nan,nan,nan,nan,nan,nan,nan,nan,nan,nan,nan,nan,nan,nan,nan,nan,nan,nan,nan,nan,nan,nan,nan,nan,nan,nan,1.8834808336873543,0.5943735119882668,0.2637845511944238,0.4075304363312819,2.415132015588776
WBC-Malignant-Early-012,Early,1,1,train,10,212.67002012072436,110.6579476861167,True,497.0,81.24725828624923,25.15551736167189,27.153675818987228,23.639591896147,1.148652478362496,0.49201745755204174,0.9726027397260274,0.8283333333333334,0.9461256655766598,70.18981170654297,4.309784412384033,26.31932258605957,6.606345176696777,-36.21236801147461,6.617434024810791,False,4.143318176269531,nan,nan,nan,nan,nan,nan,nan,nan,nan,nan,nan,nan,nan,nan,nan,nan,nan,nan,nan,nan,nan,nan,nan,nan,nan,nan,1.8593673200501788,0.6069599475465096,0.25244850889604903,0.5027225525668179,2.5498077999542708
WBC-Malignant-Early-012,Early,1,1,train,11,217.98566308243727,180.19713261648747,True,279.0,68.29974857183211,18.847647942942654,27.755000820770604,13.553653642272096,2.04778737551669,0.8726579557263734,0.9554794520547946,0.7948717948717948,0.7515811121972725,69.99710845947266,4.790185928344727,26.529233932495117,7.380404472351074,-36.28987503051758,6.475821018218994,False,4.879081726074219,nan,nan,nan,nan,nan,nan,nan,nan,nan,nan,nan,nan,nan,nan,nan,nan,nan,nan,nan,nan,nan,nan,nan,nan,nan,nan,1.8022755130327035,0.6209410016588242,0.2589494930961028,0.5804846406614144,2.649652432236479
WBC-Malignant-Pro-002,Pro,1,3,train,1,118.12053571428571,128.90848214285714,False,448.0,75.78893938856577,23.883285285767386,26.606303671369876,21.487261822661935,1.2382361182618926,0.5897300853561863,0.9718004338394793,0.8205128205128205,0.980113156756813,70.82493591308594,3.0481338500976562,35.16357421875,5.839240550994873,-42.0634765625,6.305043697357178,False,2.6811065673828125,nan,nan,nan,nan,nan,nan,nan,nan,nan,nan,nan,nan,nan,nan,nan,nan,nan,nan,nan,nan,nan,nan,nan,nan,nan,nan,1.2695070223260319,0.6441067143268061,0.30453162730472433,0.3653618021192999,2.1229586531604188
WBC-Malignant-Pro-002,Pro,1,3,train,2,143.99540229885056,130.55402298850575,False,435.0,76.89966012310536,23.534213434057992,28.38683925657593,19.68154748927989,1.442307281581269,0.7206168296010426,0.9602649006622517,0.8055555555555556,0.9243794462752242,68.24803924560547,4.8803582191467285,38.389617919921875,8.178610801696777,-46.370975494384766,8.459240913391113,False,3.3255615234375,nan,nan,nan,nan,nan,nan,nan,nan,nan,nan,nan,nan,nan,nan,nan,nan,nan,nan,nan,nan,nan,nan,nan,nan,nan,nan,2.537384661997878,0.561699501836637,0.2256492407258922,0.4720947073639275,2.7145422248395503
WBC-Malignant-Pro-002,Pro,1,3,train,3,136.44171779141104,158.46625766871165,False,326.0,64.41222600094353,20.37341629633241,22.854522971343467,18.15957029010592,1.2585387542895523,0.6071695819790264,0.9702380952380952,0.7874396135265701,0.9873948278532994,65.70146179199219,4.593916893005371,42.433712005615234,8.676664352416992,-50.276554107666016,9.024602890014648,False,2.926433563232422,nan,nan,nan,nan,nan,nan,nan,nan,nan,nan,nan,nan,nan,nan,nan,nan,nan,nan,nan,nan,nan,nan,nan,nan,nan,nan,2.5021141077168165,0.6012331571197042,0.27740692743645373,0.33894210042297473,2.5205001946993413
WBC-Malignant-Pro-002,Pro,1,3,train,4,183.68156424581005,40.61173184357542,False,358.0,67.64910342954781,21.349935761383176,22.906540674549138,19.982508131093514,1.146329606087122,0.4888828481328216,0.9649595687331537,0.7782608695652173,0.9830345916855092,62.84283447265625,5.797274589538574,44.32136154174805,10.668086051940918,-55.4953727722168,10.248475074768066,False,3.709247589111328,nan,nan,nan,nan,nan,nan,nan,nan,nan,nan,nan,nan,nan,nan,nan,nan,nan,nan,nan,nan,nan,nan,nan,nan,nan,nan,3.8069071459756407,0.5892411996756256,0.26808427053476275,0.319378415731486,2.6378280946898145
WBC-Malignant-Pro-003,Pro,1,3,test,1,108.19537275064268,214.02827763496143,True,389.0,70.8859808581521,22.255115881567058,25.026100219755477,19.847007091593195,1.2609508377893432,0.6091535124961025,0.9725,0.778,0.97283404157008,61.91437530517578,6.522766590118408,48.34877014160156,12.477533340454102,-55.74028015136719,12.392393112182617,False,4.804584503173828,nan,nan,nan,nan,nan,nan,nan,nan,nan,nan,nan,nan,nan,nan,nan,nan,nan,nan,nan,nan,nan,nan,nan,nan,nan,nan,3.450121209072441,0.5769770465823395,0.2397430774295444,0.5528238579118484,2.924797031106744
WBC-Malignant-Pro-003,Pro,1,3,test,2,120.51648351648352,124.97802197802197,False,364.0,70.10058269475465,21.528102431092233,24.575184626005072,19.060455713708944,1.2893282823416305,0.6312275883592615,0.9503916449086162,0.7583333333333333,0.9308248987452806,69.0278091430664,4.231077194213867,42.42148971557617,8.221899032592773,-46.588600158691406,7.680503845214844,False,4.2691497802734375,nan,nan,nan,nan,nan,nan,nan,nan,nan,nan,nan,nan,nan,nan,nan,nan,nan,nan,nan,nan,nan,nan,nan,nan,nan,nan,1.4998423366918672,0.6315354565099589,0.24881715401720025,0.6102123211515816,2.587260354544694
WBC-Malignant-Pro-003,Pro,1,3,test,3,131.3943396226415,141.57924528301888,False,530.0,87.30040579730118,25.977239243415305,31.09034597977185,22.0536644157649,1.4097587318662175,0.7048652440304792,0.9347442680776014,0.7123655913978495,0.8738828346562593,71.2997817993164,3.238182783126831,37.0385627746582,6.088179588317871,-43.178627014160156,5.4622483253479,False,2.0567474365234375,nan,nan,nan,nan,nan,nan,nan,nan,nan,nan,nan,nan,nan,nan,nan,nan,nan,nan,nan,nan,nan,nan,nan,nan,nan,nan,1.5517552203864426,0.6422187252440285,0.3030635277721162,0.30144842588429016,2.1701311894375004
