image_id,group,label,pred,p_0,p_1,p_2,p_3,n_cells,top_attention
S-3-0,g0,0,0,0.93793,0.03699,0.01221,0.01287,8,0.3
S-3-1,g0,0,0,0.90175,0.00405,0.09151,0.00269,8,0.3
S-3-2,g0,0,0,0.88762,0.01156,0.02371,0.07711,8,0.3
S-3-3,g0,0,0,0.98323,0.00869,0.00572,0.00236,8,0.3
S-3-4,g0,0,0,0.93221,0.03767,0.00053,0.02960,8,0.3
S-3-5,g0,0,0,0.85955,0.01714,0.01670,0.10661,8,0.3
S-3-6,g0,0,0,0.95257,0.01526,0.00599,0.02617,8,0.3
S-3-7,g0,0,0,0.98386,0.00096,0.00153,0.01364,8,0.3
S-3-8,g0,0,0,0.98468,0.00145,0.00283,0.01104,8,0.3
S-3-9,g0,0,0,0.92443,0.00204,0.05884,0.01468,8,0.3
S-3-10,g0,0,0,0.97277,0.00479,0.00679,0.01564,8,0.3
S-3-11,g0,0,0,0.96628,0.02483,0.00399,0.00490,8,0.3
S-3-12,g0,0,0,0.97238,0.00668,0.01482,0.00612,8,0.3
S-3-13,g0,0,0,0.99870,0.00021,0.00018,0.00091,8,0.3
S-3-14,g0,0,0,0.90662,0.05615,0.03240,0.00483,8,0.3
S-3-15,g0,0,0,0.64397,0.01219,0.29303,0.05081,8,0.3
S-3-16,g0,0,0,0.98184,0.00276,0.00646,0.00893,8,0.3
S-3-17,g0,0,0,0.92065,0.00962,0.03500,0.03472,8,0.3
S-3-18,g0,0,0,0.86749,0.01440,0.07654,0.04157,8,0.3
S-3-19,g0,0,0,0.98974,0.00552,0.00397,0.00077,8,0.3
S-3-20,g0,0,0,0.96621,0.01190,0.00162,0.02026,8,0.3
S-3-21,g0,0,0,0.95703,0.00515,0.01267,0.02515,8,0.3
S-3-22,g0,0,0,0.87943,0.04639,0.02177,0.05241,8,0.3
S-3-23,g0,0,0,0.91842,0.03001,0.05001,0.00156,8,0.3
S-3-24,g0,0,0,0.72003,0.11357,0.01676,0.14964,8,0.3
S-3-25,g0,0,0,0.96977,0.00685,0.01590,0.00748,8,0.3
S-3-26,g0,0,0,0.90902,0.05571,0.01234,0.02293,8,0.3
S-3-27,g0,0,0,0.92846,0.03539,0.00592,0.03023,8,0.3
S-3-28,g0,0,0,0.83068,0.11016,0.04718,0.01198,8,0.3
S-3-29,g0,0,0,0.89865,0.05662,0.01764,0.02709,8,0.3
S-3-30,g0,0,0,0.88298,0.06091,0.00843,0.04769,8,0.3
S-3-31,g0,0,0,0.98260,0.00423,0.01107,0.00210,8,0.3
S-3-32,g0,0,0,0.84614,0.02112,0.01085,0.12189,8,0.3
S-3-33,g0,0,0,0.99525,0.00132,0.00031,0.00312,8,0.3
S-3-34,g0,0,0,0.98002,0.00232,0.00328,0.01438,8,0.3
S-3-35,g0,0,0,0.95115,0.01865,0.02803,0.00217,8,0.3
S-3-36,g0,0,0,0.89604,0.01679,0.08014,0.00703,8,0.3
S-3-37,g1,0,0,0.96225,0.00198,0.01788,0.01789,8,0.3
S-3-38,g1,0,0,0.96740,0.00267,0.00739,0.02255,8,0.3
S-3-39,g1,0,0,0.99262,0.00302,0.00279,0.00157,8,0.3
S-3-40,g1,0,0,0.94603,0.01628,0.03438,0.00332,8,0.3
S-3-41,g1,0,0,0.95963,0.01163,0.02307,0.00567,8,0.3
S-3-42,g1,0,0,0.98790,0.00253,0.00369,0.00589,8,0.3
S-3-43,g1,0,0,0.88007,0.05430,0.03019,0.03543,8,0.3
S-3-44,g1,0,0,0.78745,0.09670,0.01860,0.09725,8,0.3
S-3-45,g1,0,0,0.92104,0.01376,0.03154,0.03366,8,0.3
S-3-46,g1,0,0,0.96226,0.00458,0.01039,0.02277,8,0.3
S-3-47,g1,0,0,0.96298,0.01963,0.00409,0.01330,8,0.3
S-3-48,g1,0,0,0.91632,0.05676,0.00370,0.02322,8,0.3
S-3-49,g1,0,0,0.95351,0.00777,0.02299,0.01573,8,0.3
S-3-50,g1,0,0,0.98176,0.00757,0.00514,0.00553,8,0.3
S-3-51,g1,0,0,0.98366,0.00785,0.00793,0.00056,8,0.3
S-3-52,g1,0,0,0.92960,0.01677,0.00978,0.04385,8,0.3
S-3-53,g1,0,0,0.93079,0.05483,0.00384,0.01054,8,0.3
S-3-54,g1,0,0,0.81333,0.15176,0.02518,0.00973,8,0.3
S-3-55,g1,0,0,0.98829,0.00814,0.00240,0.00116,8,0.3
S-3-56,g1,0,0,0.96637,0.01604,0.00394,0.01364,8,0.3
S-3-57,g1,0,0,0.99240,0.00499,0.00059,0.00202,8,0.3
S-3-58,g1,0,0,0.93442,0.01753,0.00237,0.04568,8,0.3
S-3-59,g1,0,0,0.97814,0.00499,0.00598,0.01089,8,0.3
S-3-60,g1,0,0,0.92903,0.00804,0.05389,0.00903,8,0.3
S-3-61,g1,0,0,0.89768,0.01285,0.00543,0.08404,8,0.3
S-3-62,g1,0,0,0.97872,0.00608,0.00090,0.01430,8,0.3
S-3-63,g1,0,0,0.93001,0.02066,0.03354,0.01579,8,0.3
S-3-64,g1,0,0,0.84230,0.01287,0.05612,0.08871,8,0.3
S-3-65,g1,0,0,0.92349,0.04967,0.01510,0.01173,8,0.3
S-3-66,g1,0,0,0.97676,0.00679,0.00779,0.00866,8,0.3
S-3-67,g1,0,0,0.97214,0.00746,0.00080,0.01960,8,0.3
S-3-68,g1,0,0,0.94248,0.03563,0.00486,0.01703,8,0.3
S-3-69,g1,0,0,0.89489,0.03236,0.02628,0.04646,8,0.3
S-3-70,g1,0,0,0.95759,0.00703,0.00567,0.02971,8,0.3
S-3-71,g1,0,0,0.90963,0.03167,0.02906,0.02964,8,0.3
S-3-72,g1,0,0,0.99333,0.00430,0.00104,0.00134,8,0.3
S-3-73,g1,0,0,0.90967,0.01741,0.03739,0.03553,8,0.3
S-3-74,g2,0,0,0.86026,0.07626,0.02407,0.03941,8,0.3
S-3-75,g2,0,0,0.99015,0.00212,0.00460,0.00313,8,0.3
S-3-76,g2,0,0,0.95519,0.03661,0.00622,0.00197,8,0.3
S-3-77,g2,0,0,0.96968,0.00876,0.00972,0.01184,8,0.3
S-3-78,g2,0,0,0.90368,0.04404,0.01760,0.03467,8,0.3
S-3-79,g2,0,0,0.98764,0.00329,0.00404,0.00503,8,0.3
S-3-80,g2,0,0,0.86378,0.09655,0.03058,0.00909,8,0.3
S-3-81,g2,0,0,0.87613,0.01290,0.06618,0.04478,8,0.3
S-3-82,g2,0,0,0.96773,0.01905,0.00198,0.01123,8,0.3
S-3-83,g2,0,0,0.96306,0.00597,0.02419,0.00679,8,0.3
S-3-84,g2,0,0,0.97446,0.00117,0.02190,0.00246,8,0.3
S-3-85,g2,0,0,0.95173,0.01917,0.01157,0.01753,8,0.3
S-3-86,g2,0,0,0.87111,0.01561,0.00680,0.10648,8,0.3
S-3-87,g2,0,0,0.93834,0.00408,0.01497,0.04261,8,0.3
S-3-88,g2,0,0,0.99420,0.00143,0.00416,0.00021,8,0.3
S-3-89,g2,0,0,0.53680,0.14119,0.02493,0.29708,8,0.3
S-3-90,g2,0,0,0.97983,0.00379,0.01094,0.00543,8,0.3
S-3-91,g2,0,0,0.99142,0.00426,0.00228,0.00204,8,0.3
S-3-92,g2,0,0,0.96283,0.01121,0.00661,0.01935,8,0.3
S-3-93,g2,0,0,0.83533,0.01777,0.07962,0.06727,8,0.3
S-3-94,g2,0,0,0.97144,0.01083,0.00284,0.01489,8,0.3
S-3-95,g2,0,0,0.90842,0.01880,0.05918,0.01360,8,0.3
S-3-96,g2,0,0,0.98218,0.00503,0.00214,0.01065,8,0.3
S-3-97,g2,0,0,0.93609,0.00638,0.04277,0.01475,8,0.3
S-3-98,g2,0,0,0.78672,0.01398,0.19488,0.00441,8,0.3
S-3-99,g2,0,0,0.91913,0.01851,0.01696,0.04540,8,0.3
S-3-100,g2,1,1,0.02295,0.78673,0.07080,0.11951,8,0.3
S-3-101,g2,1,1,0.02617,0.93516,0.03265,0.00602,8,0.3
S-3-102,g2,1,1,0.01676,0.90373,0.00696,0.07255,8,0.3
S-3-103,g2,1,1,0.07104,0.91777,0.00697,0.00421,8,0.3
S-3-104,g2,1,1,0.00986,0.97215,0.00754,0.01044,8,0.3
S-3-105,g2,1,1,0.00648,0.91398,0.00446,0.07508,8,0.3
S-3-106,g2,1,1,0.04460,0.86810,0.08562,0.00167,8,0.3
S-3-107,g2,1,1,0.02132,0.94551,0.00648,0.02669,8,0.3
S-3-108,g2,1,1,0.03074,0.89395,0.01274,0.06257,8,0.3
S-3-109,g2,1,1,0.00308,0.98629,0.00402,0.00661,8,0.3
S-3-110,g2,1,1,0.05802,0.73899,0.00698,0.19601,8,0.3
S-3-111,g3,1,1,0.01364,0.94690,0.00972,0.02975,8,0.3
S-3-112,g3,1,1,0.02849,0.89181,0.06175,0.01795,8,0.3
S-3-113,g3,1,1,0.01224,0.97455,0.00707,0.00615,8,0.3
S-3-114,g3,1,1,0.00415,0.97662,0.00998,0.00925,8,0.3
S-3-115,g3,1,1,0.00887,0.90408,0.00068,0.08638,8,0.3
S-3-116,g3,1,1,0.00746,0.97210,0.00815,0.01229,8,0.3
S-3-117,g3,1,1,0.08780,0.81505,0.04942,0.04773,8,0.3
S-3-118,g3,1,1,0.01169,0.95645,0.01554,0.01633,8,0.3
S-3-119,g3,1,1,0.04998,0.91268,0.01892,0.01842,8,0.3
S-3-120,g3,1,1,0.00539,0.98517,0.00374,0.00570,8,0.3
S-3-121,g3,1,1,0.00571,0.98455,0.00849,0.00125,8,0.3
S-3-122,g3,1,1,0.00723,0.94603,0.02699,0.01976,8,0.3
S-3-123,g3,1,1,0.00419,0.99190,0.00218,0.00173,8,0.3
S-3-124,g3,1,1,0.00070,0.98765,0.00662,0.00503,8,0.3
S-3-125,g3,1,1,0.01845,0.81217,0.12665,0.04274,8,0.3
S-3-126,g3,1,1,0.00311,0.99108,0.00483,0.00099,8,0.3
S-3-127,g3,1,1,0.04075,0.95107,0.00081,0.00736,8,0.3
S-3-128,g3,1,1,0.00550,0.96902,0.01446,0.01101,8,0.3
S-3-129,g3,1,1,0.09602,0.84381,0.03178,0.02839,8,0.3
S-3-130,g3,1,1,0.02622,0.91459,0.05002,0.00917,8,0.3
S-3-131,g3,1,1,0.01044,0.94225,0.00219,0.04512,8,0.3
S-3-132,g3,1,1,0.01804,0.97793,0.00301,0.00102,8,0.3
S-3-133,g3,1,1,0.09431,0.71107,0.16816,0.02646,8,0.3
S-3-134,g3,1,1,0.00594,0.99102,0.00055,0.00249,8,0.3
S-3-135,g3,1,1,0.06672,0.88693,0.00136,0.04499,8,0.3
S-3-136,g3,1,1,0.00367,0.98345,0.01053,0.00236,8,0.3
S-3-137,g3,1,1,0.12656,0.80890,0.01579,0.04875,8,0.3
S-3-138,g3,1,1,0.00930,0.95365,0.00742,0.02963,8,0.3
S-3-139,g3,1,1,0.02518,0.95461,0.00161,0.01860,8,0.3
S-3-140,g3,1,1,0.00093,0.98734,0.01012,0.00161,8,0.3
S-3-141,g3,1,1,0.00996,0.97527,0.01010,0.00467,8,0.3
S-3-142,g3,1,1,0.00510,0.98708,0.00295,0.00488,8,0.3
S-3-143,g3,1,1,0.02013,0.92569,0.04912,0.00506,8,0.3
S-3-144,g3,1,1,0.03895,0.89172,0.01734,0.05200,8,0.3
S-3-145,g3,1,1,0.01577,0.91281,0.03879,0.03263,8,0.3
S-3-146,g3,1,1,0.00409,0.98627,0.00087,0.00877,8,0.3
S-3-147,g3,1,1,0.00195,0.98678,0.00832,0.00295,8,0.3
S-3-148,g4,1,1,0.02008,0.95816,0.00265,0.01910,8,0.3
S-3-149,g4,1,1,0.01991,0.97455,0.00393,0.00160,8,0.3
S-3-150,g4,1,1,0.00289,0.97764,0.01032,0.00915,8,0.3
S-3-151,g4,1,1,0.02334,0.92904,0.02727,0.02035,8,0.3
S-3-152,g4,1,1,0.00770,0.96371,0.02174,0.00685,8,0.3
S-3-153,g4,1,1,0.04062,0.91829,0.02477,0.01631,8,0.3
S-3-154,g4,1,1,0.00444,0.96660,0.02465,0.00431,8,0.3
S-3-155,g4,1,1,0.00201,0.99577,0.00030,0.00192,8,0.3
S-3-156,g4,1,1,0.01928,0.93512,0.03957,0.00604,8,0.3
S-3-157,g4,1,1,0.00751,0.98415,0.00353,0.00481,8,0.3
S-3-158,g4,1,1,0.00288,0.98614,0.00813,0.00285,8,0.3
S-3-159,g4,1,1,0.00231,0.98750,0.00669,0.00350,8,0.3
S-3-160,g4,1,1,0.00144,0.98128,0.01556,0.00172,8,0.3
S-3-161,g4,1,1,0.01011,0.96913,0.00735,0.01341,8,0.3
S-3-162,g4,1,1,0.00230,0.98736,0.00623,0.00412,8,0.3
S-3-163,g4,1,1,0.08564,0.88019,0.02601,0.00816,8,0.3
S-3-164,g4,1,1,0.00432,0.97805,0.01690,0.00074,8,0.3
S-3-165,g4,1,1,0.00187,0.98016,0.00161,0.01636,8,0.3
S-3-166,g4,1,1,0.00068,0.99563,0.00216,0.00154,8,0.3
S-3-167,g4,1,1,0.02731,0.91318,0.05342,0.00609,8,0.3
S-3-168,g4,1,1,0.00081,0.99549,0.00180,0.00190,8,0.3
S-3-169,g4,1,1,0.03908,0.89560,0.01322,0.05211,8,0.3
S-3-170,g4,1,1,0.00089,0.97411,0.02321,0.00179,8,0.3
S-3-171,g4,1,1,0.00594,0.97656,0.00231,0.01519,8,0.3
S-3-172,g4,1,1,0.00081,0.97360,0.00919,0.01641,8,0.3
S-3-173,g4,1,1,0.01501,0.97478,0.00706,0.00315,8,0.3
S-3-174,g4,1,1,0.00597,0.98236,0.00168,0.00999,8,0.3
S-3-175,g4,1,1,0.01033,0.96392,0.01064,0.01510,8,0.3
S-3-176,g4,1,1,0.00177,0.96708,0.01256,0.01860,8,0.3
S-3-177,g4,1,1,0.01047,0.98409,0.00176,0.00368,8,0.3
S-3-178,g4,1,1,0.00703,0.96892,0.01076,0.01328,8,0.3
S-3-179,g4,1,1,0.00247,0.98739,0.00680,0.00335,8,0.3
S-3-180,g4,1,1,0.01341,0.89171,0.00873,0.08615,8,0.3
S-3-181,g4,1,1,0.02161,0.97274,0.00138,0.00427,8,0.3
S-3-182,g4,1,1,0.00069,0.99214,0.00453,0.00265,8,0.3
S-3-183,g4,1,1,0.00606,0.96384,0.01035,0.01975,8,0.3
S-3-184,g4,1,1,0.00859,0.98416,0.00247,0.00479,8,0.3
S-3-185,g5,1,1,0.10552,0.80779,0.01787,0.06881,8,0.3
S-3-186,g5,1,1,0.00653,0.95086,0.02959,0.01303,8,0.3
S-3-187,g5,1,1,0.00825,0.97333,0.01537,0.00305,8,0.3
S-3-188,g5,1,1,0.28554,0.58591,0.12058,0.00797,8,0.3
S-3-189,g5,1,1,0.01602,0.96096,0.00248,0.02054,8,0.3
S-3-190,g5,1,1,0.00234,0.99099,0.00193,0.00474,8,0.3
S-3-191,g5,1,1,0.01989,0.94304,0.00780,0.02927,8,0.3
S-3-192,g5,1,1,0.00821,0.99048,0.00051,0.00080,8,0.3
S-3-193,g5,1,1,0.00106,0.98507,0.00713,0.00674,8,0.3
S-3-194,g5,1,1,0.00686,0.97418,0.01502,0.00393,8,0.3
S-3-195,g5,1,1,0.00742,0.94373,0.01477,0.03408,8,0.3
S-3-196,g5,1,1,0.06124,0.78839,0.12943,0.02095,8,0.3
S-3-197,g5,1,1,0.00207,0.99306,0.00137,0.00350,8,0.3
S-3-198,g5,1,1,0.00836,0.95923,0.00419,0.02822,8,0.3
S-3-199,g5,1,1,0.00352,0.99187,0.00261,0.00199,8,0.3
S-3-200,g5,1,1,0.00513,0.94517,0.03113,0.01858,8,0.3
S-3-201,g5,1,1,0.03868,0.88829,0.05650,0.01654,8,0.3
S-3-202,g5,1,1,0.02485,0.96136,0.01177,0.00202,8,0.3
S-3-203,g5,1,1,0.04125,0.92342,0.01218,0.02315,8,0.3
S-3-204,g5,1,1,0.04385,0.84777,0.01793,0.09046,8,0.3
S-3-205,g5,1,1,0.24909,0.68604,0.03652,0.02834,8,0.3
S-3-206,g5,1,1,0.00555,0.99042,0.00278,0.00125,8,0.3
S-3-207,g5,1,1,0.01257,0.88515,0.02337,0.07890,8,0.3
S-3-208,g5,1,1,0.02007,0.91804,0.04239,0.01950,8,0.3
S-3-209,g5,1,1,0.01395,0.97839,0.00452,0.00314,8,0.3
S-3-210,g5,1,1,0.00550,0.99034,0.00301,0.00114,8,0.3
S-3-211,g5,1,1,0.00109,0.98248,0.00665,0.00978,8,0.3
S-3-212,g5,1,1,0.03745,0.93349,0.00192,0.02715,8,0.3
S-3-213,g5,1,1,0.08154,0.90304,0.01312,0.00229,8,0.3
S-3-214,g5,1,1,0.01528,0.95576,0.00940,0.01955,8,0.3
S-3-215,g5,1,1,0.09839,0.84969,0.04323,0.00869,8,0.3
S-3-216,g5,1,1,0.00788,0.96593,0.01318,0.01301,8,0.3
S-3-217,g5,1,1,0.11362,0.86095,0.01791,0.00752,8,0.3
S-3-218,g5,1,1,0.00709,0.90243,0.08103,0.00945,8,0.3
S-3-219,g5,1,1,0.00565,0.95831,0.02392,0.01213,8,0.3
S-3-220,g5,1,1,0.01909,0.95325,0.01620,0.01145,8,0.3
S-3-221,g5,1,1,0.00236,0.97716,0.01094,0.00954,8,0.3
S-3-222,g6,1,1,0.00896,0.96904,0.01723,0.00477,8,0.3
S-3-223,g6,1,1,0.00570,0.98163,0.00577,0.00691,8,0.3
S-3-224,g6,1,1,0.01996,0.97365,0.00366,0.00273,8,0.3
S-3-225,g6,1,1,0.00787,0.89518,0.05735,0.03961,8,0.3
S-3-226,g6,1,1,0.08730,0.87937,0.01644,0.01689,8,0.3
S-3-227,g6,1,1,0.08564,0.89136,0.01297,0.01003,8,0.3
S-3-228,g6,1,1,0.00117,0.98736,0.00432,0.00715,8,0.3
S-3-229,g6,1,1,0.03685,0.90705,0.04659,0.00951,8,0.3
S-3-230,g6,1,1,0.00700,0.96166,0.02415,0.00719,8,0.3
S-3-231,g6,1,1,0.10576,0.85512,0.02387,0.01525,8,0.3
S-3-232,g6,1,1,0.00630,0.97932,0.01008,0.00430,8,0.3
S-3-233,g6,1,1,0.01380,0.87717,0.00449,0.10454,8,0.3
S-3-234,g6,1,1,0.00183,0.99013,0.00516,0.00288,8,0.3
S-3-235,g6,1,1,0.00832,0.95525,0.01722,0.01920,8,0.3
S-3-236,g6,1,1,0.04913,0.93097,0.00711,0.01279,8,0.3
S-3-237,g6,1,1,0.08604,0.87544,0.01183,0.02669,8,0.3
S-3-238,g6,1,1,0.00446,0.98348,0.00565,0.00641,8,0.3
S-3-239,g6,1,1,0.01076,0.97874,0.00060,0.00990,8,0.3
S-3-240,g6,1,1,0.00274,0.99020,0.00514,0.00192,8,0.3
S-3-241,g6,1,1,0.04937,0.91768,0.01622,0.01672,8,0.3
S-3-242,g6,1,1,0.01008,0.91293,0.03652,0.04048,8,0.3
S-3-243,g6,1,1,0.00065,0.99256,0.00120,0.00559,8,0.3
S-3-244,g6,1,1,0.00097,0.99673,0.00169,0.00061,8,0.3
S-3-245,g6,1,1,0.00298,0.97389,0.01504,0.00809,8,0.3
S-3-246,g6,1,1,0.00153,0.92641,0.01605,0.05601,8,0.3
S-3-247,g6,1,1,0.05827,0.80655,0.02684,0.10833,8,0.3
S-3-248,g6,1,1,0.00602,0.97365,0.00867,0.01167,8,0.3
S-3-249,g6,1,1,0.01219,0.96815,0.01699,0.00268,8,0.3
S-3-250,g6,1,1,0.00441,0.94867,0.02799,0.01893,8,0.3
S-3-251,g6,1,1,0.00136,0.96163,0.00517,0.03184,8,0.3
S-3-252,g6,1,1,0.03435,0.81110,0.01480,0.13975,8,0.3
S-3-253,g6,1,1,0.00434,0.98102,0.00695,0.00768,8,0.3
S-3-254,g6,1,1,0.00734,0.90838,0.04307,0.04121,8,0.3
S-3-255,g6,1,1,0.02011,0.93801,0.02690,0.01498,8,0.3
S-3-256,g6,1,1,0.00126,0.95524,0.02981,0.01369,8,0.3
S-3-257,g6,1,1,0.02144,0.91592,0.00839,0.05424,8,0.3
S-3-258,g6,1,1,0.01945,0.96968,0.00633,0.00454,8,0.3
S-3-259,g7,1,1,0.00562,0.96152,0.03076,0.00210,8,0.3
S-3-260,g7,1,1,0.00562,0.95005,0.00437,0.03996,8,0.3
S-3-261,g7,1,1,0.00391,0.98199,0.00215,0.01195,8,0.3
S-3-262,g7,1,1,0.10631,0.72620,0.14855,0.01893,8,0.3
S-3-263,g7,1,1,0.00038,0.99445,0.00053,0.00464,8,0.3
S-3-264,g7,1,1,0.01002,0.95663,0.00807,0.02528,8,0.3
S-3-265,g7,1,1,0.03180,0.92997,0.02818,0.01005,8,0.3
S-3-266,g7,1,1,0.00166,0.97336,0.02179,0.00319,8,0.3
S-3-267,g7,1,1,0.00381,0.95643,0.02486,0.01490,8,0.3
S-3-268,g7,1,1,0.03818,0.91846,0.00441,0.03896,8,0.3
S-3-269,g7,1,1,0.00617,0.98498,0.00727,0.00157,8,0.3
S-3-270,g7,1,1,0.14608,0.73251,0.08945,0.03195,8,0.3
S-3-271,g7,1,1,0.02519,0.96796,0.00501,0.00184,8,0.3
S-3-272,g7,1,1,0.02194,0.79788,0.12951,0.05067,8,0.3
S-3-273,g7,1,1,0.00952,0.96048,0.02318,0.00683,8,0.3
S-3-274,g7,1,1,0.12661,0.82620,0.03312,0.01408,8,0.3
S-3-275,g7,1,1,0.01359,0.94488,0.02989,0.01164,8,0.3
S-3-276,g7,1,1,0.06149,0.87968,0.02281,0.03602,8,0.3
S-3-277,g7,1,1,0.02290,0.89700,0.07055,0.00955,8,0.3
S-3-278,g7,1,1,0.06010,0.80223,0.04343,0.09423,8,0.3
S-3-279,g7,1,1,0.05399,0.92652,0.01120,0.00828,8,0.3
S-3-280,g7,1,1,0.00851,0.96397,0.00604,0.02148,8,0.3
S-3-281,g7,1,1,0.00526,0.98914,0.00259,0.00300,8,0.3
S-3-282,g7,1,1,0.12647,0.85465,0.01639,0.00249,8,0.3
S-3-283,g7,1,1,0.00772,0.98526,0.00247,0.00455,8,0.3
S-3-284,g7,1,1,0.01806,0.91404,0.01066,0.05723,8,0.3
S-3-285,g7,1,1,0.15783,0.49257,0.01018,0.33943,8,0.3
S-3-286,g7,1,1,0.00262,0.99338,0.00332,0.00069,8,0.3
S-3-287,g7,1,1,0.00738,0.98731,0.00262,0.00269,8,0.3
S-3-288,g7,1,1,0.01626,0.96741,0.00616,0.01018,8,0.3
S-3-289,g7,1,1,0.00697,0.96409,0.01674,0.01220,8,0.3
S-3-290,g7,1,1,0.00215,0.98678,0.00957,0.00151,8,0.3
S-3-291,g7,1,1,0.00469,0.97475,0.00296,0.01760,8,0.3
S-3-292,g7,1,1,0.01792,0.93721,0.00803,0.03685,8,0.3
S-3-293,g7,1,1,0.01011,0.97271,0.00353,0.01365,8,0.3
S-3-294,g7,1,1,0.00448,0.95858,0.01142,0.02551,8,0.3
S-3-295,g7,1,1,0.01745,0.95231,0.00504,0.02520,8,0.3
S-3-296,g8,1,1,0.09606,0.85843,0.01119,0.03433,8,0.3
S-3-297,g8,2,2,0.00075,0.00640,0.99084,0.00201,8,0.3
S-3-298,g8,2,2,0.00153,0.00500,0.99122,0.00226,8,0.3
S-3-299,g8,2,2,0.00424,0.03087,0.95134,0.01355,8,0.3
S-3-300,g8,2,2,0.03654,0.00877,0.95031,0.00439,8,0.3
S-3-301,g8,2,2,0.01132,0.05597,0.90101,0.03170,8,0.3
S-3-302,g8,2,2,0.00155,0.00389,0.99225,0.00231,8,0.3
S-3-303,g8,2,2,0.00279,0.00256,0.99077,0.00387,8,0.3
S-3-304,g8,2,2,0.02315,0.01030,0.95880,0.00775,8,0.3
S-3-305,g8,2,2,0.00151,0.00494,0.98512,0.00843,8,0.3
S-3-306,g8,2,2,0.00789,0.00240,0.98206,0.00766,8,0.3
S-3-307,g8,2,2,0.00314,0.00152,0.98986,0.00549,8,0.3
S-3-308,g8,2,2,0.01100,0.00739,0.96584,0.01577,8,0.3
S-3-309,g8,2,2,0.00487,0.00457,0.92871,0.06184,8,0.3
S-3-310,g8,2,2,0.04374,0.01468,0.86497,0.07660,8,0.3
S-3-311,g8,2,2,0.05616,0.00600,0.87862,0.05922,8,0.3
S-3-312,g8,2,2,0.00908,0.00897,0.97163,0.01032,8,0.3
S-3-313,g8,2,2,0.05843,0.00424,0.79063,0.14671,8,0.3
S-3-314,g8,2,2,0.00073,0.00122,0.99689,0.00116,8,0.3
S-3-315,g8,2,2,0.01504,0.00642,0.91942,0.05913,8,0.3
S-3-316,g8,2,2,0.04625,0.26081,0.57329,0.11964,8,0.3
S-3-317,g8,2,2,0.01068,0.01818,0.94502,0.02612,8,0.3
S-3-318,g8,2,2,0.00453,0.00370,0.98689,0.00488,8,0.3
S-3-319,g8,2,2,0.04125,0.00343,0.94987,0.00545,8,0.3
S-3-320,g8,2,2,0.00926,0.01407,0.96375,0.01291,8,0.3
S-3-321,g8,2,2,0.00318,0.00773,0.98871,0.00039,8,0.3
S-3-322,g8,2,2,0.00414,0.00932,0.87817,0.10838,8,0.3
S-3-323,g8,2,2,0.04996,0.00203,0.94146,0.00655,8,0.3
S-3-324,g8,2,2,0.02608,0.39257,0.55978,0.02156,8,0.3
S-3-325,g8,2,2,0.02109,0.01015,0.96458,0.00417,8,0.3
S-3-326,g8,2,2,0.00494,0.04662,0.93129,0.01715,8,0.3
S-3-327,g8,2,2,0.15219,0.03242,0.61741,0.19798,8,0.3
S-3-328,g8,2,2,0.00056,0.00311,0.98488,0.01145,8,0.3
S-3-329,g8,2,2,0.03220,0.01210,0.93989,0.01582,8,0.3
S-3-330,g8,2,2,0.00106,0.00081,0.98950,0.00863,8,0.3
S-3-331,g8,2,2,0.10132,0.13481,0.69650,0.06736,8,0.3
S-3-332,g8,2,2,0.00697,0.02727,0.94279,0.02297,8,0.3
S-3-333,g9,2,2,0.29020,0.07645,0.58613,0.04722,8,0.3
S-3-334,g9,2,2,0.00173,0.00560,0.99204,0.00062,8,0.3
S-3-335,g9,2,2,0.00160,0.00025,0.98059,0.01756,8,0.3
S-3-336,g9,2,2,0.01436,0.00319,0.97686,0.00560,8,0.3
S-3-337,g9,2,2,0.00338,0.00210,0.98601,0.00851,8,0.3
S-3-338,g9,2,2,0.03710,0.01281,0.88589,0.06420,8,0.3
S-3-339,g9,2,2,0.03165,0.06330,0.87085,0.03420,8,0.3
S-3-340,g9,2,2,0.00263,0.01149,0.98216,0.00372,8,0.3
S-3-341,g9,2,2,0.01110,0.08985,0.83308,0.06598,8,0.3
S-3-342,g9,2,2,0.00911,0.02748,0.90198,0.06143,8,0.3
S-3-343,g9,2,2,0.01774,0.04460,0.88009,0.05757,8,0.3
S-3-344,g9,2,2,0.00937,0.00649,0.96119,0.02295,8,0.3
S-3-345,g9,2,2,0.00949,0.05698,0.89848,0.03505,8,0.3
S-3-346,g9,2,2,0.04898,0.01304,0.92547,0.01251,8,0.3
S-3-347,g9,2,2,0.00136,0.00115,0.97819,0.01930,8,0.3
S-3-348,g9,2,2,0.03930,0.17438,0.76079,0.02553,8,0.3
S-3-349,g9,2,2,0.01457,0.01159,0.96397,0.00987,8,0.3
S-3-350,g9,2,2,0.00066,0.00144,0.99700,0.00090,8,0.3
S-3-351,g9,2,2,0.00083,0.01265,0.95884,0.02769,8,0.3
S-3-352,g9,2,2,0.00754,0.00755,0.96765,0.01727,8,0.3
S-3-353,g9,2,2,0.02261,0.01876,0.92863,0.02999,8,0.3
S-3-354,g9,2,2,0.00968,0.01751,0.97128,0.00153,8,0.3
S-3-355,g9,2,2,0.00690,0.00048,0.99216,0.00046,8,0.3
S-3-356,g9,2,2,0.00225,0.00599,0.99062,0.00114,8,0.3
S-3-357,g9,2,2,0.03375,0.08027,0.87429,0.01169,8,0.3
S-3-358,g9,2,2,0.00950,0.00931,0.97807,0.00312,8,0.3
S-3-359,g9,2,2,0.00477,0.04100,0.91994,0.03429,8,0.3
S-3-360,g9,2,2,0.02057,0.00459,0.96335,0.01149,8,0.3
S-3-361,g9,2,2,0.01945,0.00664,0.96804,0.00588,8,0.3
S-3-362,g9,2,2,0.04116,0.01569,0.92612,0.01703,8,0.3
S-3-363,g9,2,2,0.00425,0.06145,0.93088,0.00342,8,0.3
S-3-364,g9,2,2,0.00076,0.00115,0.99616,0.00193,8,0.3
S-3-365,g9,2,2,0.00812,0.01559,0.95085,0.02544,8,0.3
S-3-366,g9,2,2,0.18182,0.05136,0.71669,0.05014,8,0.3
S-3-367,g9,2,2,0.03569,0.00631,0.95584,0.00215,8,0.3
S-3-368,g9,2,2,0.00504,0.00410,0.98460,0.00626,8,0.3
S-3-369,g9,2,2,0.00117,0.00041,0.99741,0.00100,8,0.3
S-3-370,g10,2,2,0.04439,0.01585,0.93520,0.00456,8,0.3
S-3-371,g10,2,2,0.01354,0.00631,0.92033,0.05982,8,0.3
S-3-372,g10,2,2,0.00651,0.00160,0.95350,0.03839,8,0.3
S-3-373,g10,2,2,0.01083,0.05243,0.92435,0.01239,8,0.3
S-3-374,g10,2,2,0.00031,0.00673,0.97953,0.01342,8,0.3
S-3-375,g10,2,2,0.00688,0.02389,0.96002,0.00921,8,0.3
S-3-376,g10,2,2,0.00160,0.00742,0.97089,0.02008,8,0.3
S-3-377,g10,2,2,0.00391,0.00280,0.99135,0.00194,8,0.3
S-3-378,g10,2,2,0.00331,0.00161,0.99413,0.00095,8,0.3
S-3-379,g10,2,2,0.00201,0.00510,0.99083,0.00206,8,0.3
S-3-380,g10,2,2,0.04111,0.00982,0.92543,0.02364,8,0.3
S-3-381,g10,2,2,0.01742,0.08577,0.88920,0.00761,8,0.3
S-3-382,g10,2,2,0.00079,0.01062,0.98197,0.00662,8,0.3
S-3-383,g10,2,2,0.00855,0.00134,0.98626,0.00385,8,0.3
S-3-384,g10,2,2,0.01155,0.00431,0.98121,0.00293,8,0.3
S-3-385,g10,2,2,0.00462,0.04598,0.93482,0.01458,8,0.3
S-3-386,g10,2,2,0.00294,0.06836,0.91914,0.00956,8,0.3
S-3-387,g10,2,2,0.05331,0.03811,0.89921,0.00937,8,0.3
S-3-388,g10,2,2,0.02102,0.03793,0.92451,0.01654,8,0.3
S-3-389,g10,2,2,0.12767,0.01109,0.81815,0.04310,8,0.3
S-3-390,g10,2,2,0.14423,0.01483,0.80405,0.03689,8,0.3
S-3-391,g10,2,2,0.00950,0.00960,0.97722,0.00369,8,0.3
S-3-392,g10,2,2,0.01066,0.00036,0.98533,0.00365,8,0.3
S-3-393,g10,2,2,0.00535,0.00116,0.98458,0.00891,8,0.3
S-3-394,g10,2,2,0.00094,0.03249,0.95377,0.01280,8,0.3
S-3-395,g10,2,2,0.00816,0.04994,0.93255,0.00935,8,0.3
S-3-396,g10,2,2,0.00902,0.03018,0.93062,0.03019,8,0.3
S-3-397,g10,2,2,0.04059,0.04516,0.88162,0.03262,8,0.3
S-3-398,g10,2,2,0.02812,0.01665,0.93002,0.02521,8,0.3
S-3-399,g10,2,2,0.00999,0.00715,0.97778,0.00509,8,0.3
S-3-400,g10,2,2,0.02084,0.00140,0.95245,0.02530,8,0.3
S-3-401,g10,2,2,0.11189,0.00908,0.87400,0.00503,8,0.3
S-3-402,g10,2,2,0.00468,0.00871,0.98600,0.00061,8,0.3
S-3-403,g10,2,2,0.00269,0.00216,0.99206,0.00309,8,0.3
S-3-404,g10,2,2,0.01261,0.04018,0.94205,0.00516,8,0.3
S-3-405,g10,2,2,0.03294,0.00316,0.94600,0.01789,8,0.3
S-3-406,g10,2,2,0.00122,0.00783,0.94720,0.04375,8,0.3
S-3-407,g11,2,2,0.02560,0.02796,0.84537,0.10107,8,0.3
S-3-408,g11,2,2,0.00244,0.01542,0.97779,0.00434,8,0.3
S-3-409,g11,2,2,0.00326,0.00875,0.98363,0.00436,8,0.3
S-3-410,g11,2,2,0.15876,0.00974,0.80713,0.02436,8,0.3
S-3-411,g11,2,2,0.05475,0.18189,0.72072,0.04264,8,0.3
S-3-412,g11,2,2,0.20774,0.08576,0.68268,0.02382,8,0.3
S-3-413,g11,2,2,0.00115,0.00160,0.99691,0.00033,8,0.3
S-3-414,g11,2,2,0.00968,0.00977,0.95132,0.02924,8,0.3
S-3-415,g11,2,2,0.06222,0.02847,0.84336,0.06595,8,0.3
S-3-416,g11,2,2,0.00044,0.00059,0.99848,0.00049,8,0.3
S-3-417,g11,2,2,0.05028,0.01486,0.92573,0.00913,8,0.3
S-3-418,g11,2,2,0.00751,0.00495,0.97248,0.01507,8,0.3
S-3-419,g11,2,2,0.01103,0.01122,0.96905,0.00871,8,0.3
S-3-420,g11,2,2,0.00151,0.00221,0.99176,0.00452,8,0.3
S-3-421,g11,2,2,0.00629,0.00436,0.98184,0.00751,8,0.3
S-3-422,g11,2,2,0.01506,0.00696,0.97306,0.00492,8,0.3
S-3-423,g11,2,2,0.00438,0.00067,0.99318,0.00176,8,0.3
S-3-424,g11,2,2,0.00136,0.00743,0.98349,0.00771,8,0.3
S-3-425,g11,2,2,0.03277,0.05229,0.84841,0.06653,8,0.3
S-3-426,g11,2,2,0.01236,0.00284,0.98103,0.00377,8,0.3
S-3-427,g11,2,2,0.00332,0.00591,0.98574,0.00503,8,0.3
S-3-428,g11,2,2,0.05042,0.00115,0.93013,0.01830,8,0.3
S-3-429,g11,2,2,0.00422,0.01009,0.94523,0.04046,8,0.3
S-3-430,g11,2,2,0.00747,0.01031,0.97563,0.00658,8,0.3
S-3-431,g11,2,2,0.00152,0.00713,0.98456,0.00679,8,0.3
S-3-432,g11,2,2,0.00708,0.03904,0.94295,0.01093,8,0.3
S-3-433,g11,2,2,0.00460,0.00855,0.98082,0.00604,8,0.3
S-3-434,g11,2,2,0.01597,0.00330,0.93641,0.04432,8,0.3
S-3-435,g11,2,2,0.01172,0.04596,0.89016,0.05216,8,0.3
S-3-436,g11,2,2,0.00282,0.00558,0.98706,0.00454,8,0.3
S-3-437,g11,2,2,0.06600,0.03654,0.89201,0.00545,8,0.3
S-3-438,g11,2,2,0.00605,0.00637,0.98667,0.00091,8,0.3
S-3-439,g11,2,2,0.02722,0.15477,0.71134,0.10666,8,0.3
S-3-440,g11,2,2,0.01695,0.00445,0.90493,0.07366,8,0.3
S-3-441,g11,2,2,0.01090,0.00706,0.97867,0.00337,8,0.3
S-3-442,g11,2,2,0.00189,0.00158,0.99358,0.00294,8,0.3
S-3-443,g11,2,2,0.00599,0.00134,0.98192,0.01075,8,0.3
S-3-444,g12,2,2,0.03529,0.01094,0.88045,0.07332,8,0.3
S-3-445,g12,2,2,0.01574,0.00484,0.97141,0.00801,8,0.3
S-3-446,g12,2,2,0.01774,0.02223,0.93976,0.02027,8,0.3
S-3-447,g12,2,2,0.09913,0.04991,0.84390,0.00707,8,0.3
S-3-448,g12,2,2,0.00044,0.00216,0.99285,0.00455,8,0.3
S-3-449,g12,2,2,0.03425,0.02887,0.71143,0.22546,8,0.3
S-3-450,g12,2,2,0.01420,0.00914,0.96177,0.01489,8,0.3
S-3-451,g12,2,2,0.03698,0.08124,0.83478,0.04701,8,0.3
S-3-452,g12,2,2,0.01029,0.00180,0.97902,0.00888,8,0.3
S-3-453,g12,2,2,0.00883,0.01044,0.94382,0.03691,8,0.3
S-3-454,g12,2,2,0.00308,0.00742,0.98115,0.00835,8,0.3
S-3-455,g12,2,2,0.00045,0.00028,0.99870,0.00057,8,0.3
S-3-456,g12,2,2,0.03739,0.00882,0.94564,0.00815,8,0.3
S-3-457,g12,2,2,0.01891,0.01494,0.93069,0.03546,8,0.3
S-3-458,g12,2,2,0.00096,0.01360,0.98084,0.00460,8,0.3
S-3-459,g12,2,2,0.00412,0.00458,0.98484,0.00646,8,0.3
S-3-460,g12,2,2,0.00770,0.07463,0.87944,0.03823,8,0.3
S-3-461,g12,2,2,0.00232,0.00268,0.99274,0.00226,8,0.3
S-3-462,g12,2,2,0.01057,0.00360,0.97996,0.00586,8,0.3
S-3-463,g12,2,2,0.00486,0.00585,0.96963,0.01966,8,0.3
S-3-464,g12,2,2,0.04131,0.04512,0.91150,0.00207,8,0.3
S-3-465,g12,2,2,0.00129,0.00187,0.99483,0.00201,8,0.3
S-3-466,g12,2,2,0.00185,0.01593,0.97859,0.00363,8,0.3
S-3-467,g12,2,2,0.03069,0.07869,0.83993,0.05069,8,0.3
S-3-468,g12,2,2,0.00781,0.01545,0.95149,0.02525,8,0.3
S-3-469,g12,2,2,0.00394,0.00538,0.96836,0.02232,8,0.3
S-3-470,g12,2,2,0.02285,0.01624,0.95342,0.00749,8,0.3
S-3-471,g12,2,2,0.00929,0.00082,0.98918,0.00071,8,0.3
S-3-472,g12,2,2,0.04615,0.05275,0.84717,0.05393,8,0.3
S-3-473,g12,2,2,0.00912,0.05320,0.92827,0.00941,8,0.3
S-3-474,g12,2,2,0.02658,0.00724,0.95907,0.00712,8,0.3
S-3-475,g12,2,2,0.01697,0.01645,0.87712,0.08946,8,0.3
S-3-476,g12,2,2,0.01030,0.02048,0.96188,0.00733,8,0.3
S-3-477,g12,2,2,0.00954,0.02786,0.92200,0.04059,8,0.3
S-3-478,g12,2,2,0.01058,0.01554,0.96903,0.00484,8,0.3
S-3-479,g12,2,2,0.04103,0.01230,0.93761,0.00905,8,0.3
S-3-480,g12,2,2,0.05551,0.02836,0.91340,0.00274,8,0.3
S-3-481,g13,2,2,0.00020,0.00322,0.98320,0.01338,8,0.3
S-3-482,g13,2,2,0.00139,0.00114,0.94046,0.05702,8,0.3
S-3-483,g13,2,2,0.01694,0.11447,0.84266,0.02593,8,0.3
S-3-484,g13,2,2,0.00425,0.00214,0.99317,0.00043,8,0.3
S-3-485,g13,2,2,0.00593,0.00372,0.98767,0.00268,8,0.3
S-3-486,g13,2,2,0.06773,0.00416,0.88124,0.04687,8,0.3
S-3-487,g13,2,2,0.02190,0.01164,0.90637,0.06009,8,0.3
S-3-488,g13,2,2,0.02241,0.01183,0.95289,0.01288,8,0.3
S-3-489,g13,3,3,0.00612,0.02919,0.02936,0.93533,8,0.3
S-3-490,g13,3,3,0.03450,0.08142,0.02490,0.85918,8,0.3
S-3-491,g13,3,3,0.03994,0.00705,0.02785,0.92516,8,0.3
S-3-492,g13,3,3,0.01505,0.01367,0.01337,0.95791,8,0.3
S-3-493,g13,3,3,0.00593,0.00144,0.01068,0.98196,8,0.3
S-3-494,g13,3,3,0.00440,0.01204,0.07293,0.91063,8,0.3
S-3-495,g13,3,3,0.05707,0.04128,0.01565,0.88600,8,0.3
S-3-496,g13,3,3,0.00129,0.00453,0.00301,0.99117,8,0.3
S-3-497,g13,3,3,0.00395,0.07923,0.02599,0.89082,8,0.3
S-3-498,g13,3,3,0.01042,0.00361,0.01917,0.96680,8,0.3
S-3-499,g13,3,3,0.00851,0.00436,0.00788,0.97925,8,0.3
S-3-500,g13,3,3,0.01261,0.02205,0.05822,0.90713,8,0.3
S-3-501,g13,3,3,0.00344,0.01529,0.00532,0.97595,8,0.3
S-3-502,g13,3,3,0.00520,0.00591,0.00862,0.98027,8,0.3
S-3-503,g13,3,3,0.01231,0.06323,0.00262,0.92185,8,0.3
S-3-504,g13,3,3,0.00326,0.01225,0.03461,0.94988,8,0.3
S-3-505,g13,3,3,0.00314,0.00363,0.01198,0.98124,8,0.3
S-3-506,g13,3,3,0.08474,0.01431,0.00301,0.89794,8,0.3
S-3-507,g13,3,3,0.01375,0.00585,0.00260,0.97781,8,0.3
S-3-508,g13,3,3,0.01063,0.01279,0.06721,0.90937,8,0.3
S-3-509,g13,3,3,0.01069,0.05086,0.19037,0.74808,8,0.3
S-3-510,g13,3,3,0.00210,0.00372,0.00153,0.99264,8,0.3
S-3-511,g13,3,3,0.00628,0.02216,0.03499,0.93657,8,0.3
S-3-512,g13,3,3,0.05173,0.03382,0.02249,0.89196,8,0.3
S-3-513,g13,3,3,0.04802,0.02677,0.04452,0.88069,8,0.3
S-3-514,g13,3,3,0.08597,0.00569,0.01148,0.89686,8,0.3
S-3-515,g13,3,3,0.03837,0.02371,0.03024,0.90768,8,0.3
S-3-516,g13,3,3,0.04143,0.00460,0.01500,0.93897,8,0.3
S-3-517,g13,3,3,0.00116,0.00254,0.00537,0.99093,8,0.3
S-3-518,g14,3,3,0.03713,0.05007,0.00714,0.90566,8,0.3
S-3-519,g14,3,3,0.00880,0.00171,0.00289,0.98660,8,0.3
S-3-520,g14,3,3,0.01449,0.01571,0.00399,0.96581,8,0.3
S-3-521,g14,3,3,0.01597,0.00730,0.00956,0.96718,8,0.3
S-3-522,g14,3,3,0.06699,0.09411,0.06006,0.77883,8,0.3
S-3-523,g14,3,3,0.09573,0.07451,0.01443,0.81534,8,0.3
S-3-524,g14,3,3,0.00727,0.00579,0.01743,0.96950,8,0.3
S-3-525,g14,3,3,0.19054,0.20048,0.07382,0.53516,8,0.3
S-3-526,g14,3,3,0.00220,0.00315,0.00331,0.99134,8,0.3
S-3-527,g14,3,3,0.00220,0.00118,0.00300,0.99361,8,0.3
S-3-528,g14,3,3,0.00140,0.00386,0.00104,0.99370,8,0.3
S-3-529,g14,3,3,0.04435,0.00022,0.04454,0.91090,8,0.3
S-3-530,g14,3,3,0.00604,0.00351,0.00794,0.98250,8,0.3
S-3-531,g14,3,3,0.03206,0.01227,0.00517,0.95050,8,0.3
S-3-532,g14,3,3,0.04985,0.00750,0.00749,0.93517,8,0.3
S-3-533,g14,3,3,0.00321,0.00098,0.00299,0.99282,8,0.3
S-3-534,g14,3,3,0.01789,0.05458,0.02140,0.90613,8,0.3
S-3-535,g14,3,3,0.00009,0.00005,0.00015,0.99970,8,0.3
S-3-536,g14,3,3,0.05286,0.02982,0.04842,0.86890,8,0.3
S-3-537,g14,3,3,0.00318,0.07120,0.01434,0.91128,8,0.3
S-3-538,g14,3,3,0.01554,0.02720,0.00313,0.95413,8,0.3
S-3-539,g14,3,3,0.04914,0.01027,0.03112,0.90947,8,0.3
S-3-540,g14,3,3,0.02521,0.00405,0.02564,0.94510,8,0.3
S-3-541,g14,3,3,0.00057,0.00915,0.03392,0.95636,8,0.3
S-3-542,g14,3,3,0.01186,0.00226,0.00251,0.98338,8,0.3
S-3-543,g14,3,3,0.01010,0.02582,0.05872,0.90536,8,0.3
S-3-544,g14,3,3,0.01682,0.07123,0.01477,0.89718,8,0.3
S-3-545,g14,3,3,0.00388,0.01203,0.00212,0.98197,8,0.3
S-3-546,g14,3,3,0.02567,0.03984,0.45912,0.47537,8,0.3
S-3-547,g14,3,3,0.02599,0.01869,0.00635,0.94896,8,0.3
S-3-548,g14,3,3,0.02467,0.01328,0.02232,0.93972,8,0.3
S-3-549,g14,3,3,0.08033,0.01454,0.06681,0.83831,8,0.3
S-3-550,g14,3,3,0.01430,0.09764,0.02764,0.86042,8,0.3
S-3-551,g14,3,3,0.01564,0.01526,0.01381,0.95529,8,0.3
S-3-552,g14,3,3,0.01069,0.03078,0.03716,0.92137,8,0.3
S-3-553,g14,3,3,0.00844,0.00823,0.00539,0.97794,8,0.3
S-3-554,g14,3,3,0.00129,0.00760,0.00618,0.98493,8,0.3
S-3-555,g15,3,3,0.01847,0.01284,0.00357,0.96512,8,0.3
S-3-556,g15,3,3,0.01610,0.00183,0.00591,0.97617,8,0.3
S-3-557,g15,3,3,0.08873,0.01610,0.00994,0.88524,8,0.3
S-3-558,g15,3,3,0.04457,0.02559,0.14660,0.78324,8,0.3
S-3-559,g15,3,3,0.02653,0.02451,0.01799,0.93096,8,0.3
S-3-560,g15,3,3,0.01231,0.01259,0.00285,0.97226,8,0.3
S-3-561,g15,3,3,0.00472,0.12875,0.01312,0.85341,8,0.3
S-3-562,g15,3,3,0.00240,0.02669,0.02130,0.94962,8,0.3
S-3-563,g15,3,3,0.04221,0.02709,0.03144,0.89927,8,0.3
S-3-564,g15,3,3,0.00349,0.01085,0.00691,0.97875,8,0.3
S-3-565,g15,3,3,0.20004,0.06720,0.20876,0.52400,8,0.3
S-3-566,g15,3,3,0.01397,0.01222,0.00711,0.96671,8,0.3
S-3-567,g15,3,3,0.01746,0.01013,0.00225,0.97016,8,0.3
S-3-568,g15,3,3,0.00364,0.00330,0.01817,0.97489,8,0.3
S-3-569,g15,3,3,0.00024,0.00106,0.00072,0.99799,8,0.3
S-3-570,g15,3,3,0.00734,0.00917,0.01546,0.96803,8,0.3
S-3-571,g15,3,3,0.01673,0.00246,0.01909,0.96172,8,0.3
S-3-572,g15,3,3,0.00149,0.00377,0.00472,0.99002,8,0.3
S-3-573,g15,3,3,0.02194,0.02514,0.01713,0.93579,8,0.3
S-3-574,g15,3,3,0.02195,0.09203,0.00855,0.87747,8,0.3
S-3-575,g15,3,3,0.00576,0.00605,0.02654,0.96165,8,0.3
S-3-576,g15,3,3,0.00276,0.04662,0.01916,0.93147,8,0.3
S-3-577,g15,3,3,0.00819,0.01570,0.00480,0.97130,8,0.3
S-3-578,g15,3,3,0.14670,0.17706,0.04026,0.63597,8,0.3
S-3-579,g15,3,3,0.01234,0.01310,0.26658,0.70798,8,0.3
S-3-580,g15,3,3,0.02262,0.00307,0.00337,0.97094,8,0.3
S-3-581,g15,3,3,0.02735,0.10402,0.01819,0.85044,8,0.3
S-3-582,g15,3,3,0.00226,0.00167,0.00972,0.98635,8,0.3
S-3-583,g15,3,3,0.00545,0.00445,0.00419,0.98591,8,0.3
S-3-584,g15,3,3,0.00337,0.00252,0.01131,0.98280,8,0.3
S-3-585,g15,3,3,0.04268,0.00794,0.00602,0.94335,8,0.3
S-3-586,g15,3,3,0.10534,0.04785,0.05896,0.78785,8,0.3
S-3-587,g15,3,3,0.00584,0.00348,0.01643,0.97425,8,0.3
S-3-588,g15,3,3,0.00351,0.00607,0.00519,0.98523,8,0.3
S-3-589,g15,3,3,0.00514,0.00510,0.01465,0.97511,8,0.3
S-3-590,g15,3,3,0.09574,0.01182,0.00454,0.88790,8,0.3
S-3-591,g15,3,3,0.00980,0.04192,0.00314,0.94514,8,0.3
S-3-592,g16,3,3,0.00081,0.00618,0.00159,0.99142,8,0.3
S-3-593,g16,3,3,0.00657,0.01093,0.00230,0.98019,8,0.3
S-3-594,g16,3,3,0.02434,0.00443,0.01248,0.95875,8,0.3
S-3-595,g16,3,3,0.00318,0.00172,0.00214,0.99296,8,0.3
S-3-596,g16,3,3,0.00695,0.01653,0.00887,0.96766,8,0.3
S-3-597,g16,3,3,0.01574,0.36721,0.00896,0.60809,8,0.3
S-3-598,g16,3,3,0.00266,0.00106,0.00136,0.99493,8,0.3
S-3-599,g16,3,3,0.03696,0.00319,0.00208,0.95777,8,0.3
S-3-600,g16,3,3,0.02118,0.00530,0.01301,0.96050,8,0.3
S-3-601,g16,3,3,0.04842,0.00697,0.00907,0.93554,8,0.3
S-3-602,g16,3,3,0.00216,0.00514,0.01841,0.97429,8,0.3
S-3-603,g16,3,3,0.01208,0.01335,0.02198,0.95259,8,0.3
S-3-604,g16,3,3,0.17068,0.20559,0.16559,0.45814,8,0.3
S-3-605,g16,3,3,0.00079,0.00108,0.00545,0.99267,8,0.3
S-3-606,g16,3,3,0.06588,0.03692,0.02646,0.87074,8,0.3
S-3-607,g16,3,3,0.07418,0.01628,0.01042,0.89911,8,0.3
S-3-608,g16,3,3,0.02034,0.00975,0.00624,0.96368,8,0.3
S-3-609,g16,3,3,0.01977,0.02115,0.00113,0.95794,8,0.3
S-3-610,g16,3,3,0.00141,0.00912,0.00365,0.98583,8,0.3
S-3-611,g16,3,3,0.02825,0.00406,0.01211,0.95558,8,0.3
S-3-612,g16,3,3,0.00180,0.00140,0.00080,0.99600,8,0.3
S-3-613,g16,3,3,0.01357,0.00214,0.00724,0.97705,8,0.3
S-3-614,g16,3,3,0.06316,0.00467,0.01308,0.91909,8,0.3
S-3-615,g16,3,3,0.01092,0.02261,0.06407,0.90240,8,0.3
S-3-616,g16,3,3,0.00389,0.00223,0.00247,0.99140,8,0.3
S-3-617,g16,3,3,0.00128,0.00056,0.01328,0.98488,8,0.3
S-3-618,g16,3,3,0.00961,0.00201,0.00590,0.98248,8,0.3
S-3-619,g16,3,3,0.00723,0.00183,0.02078,0.97017,8,0.3
S-3-620,g16,3,3,0.00105,0.00232,0.00240,0.99423,8,0.3
S-3-621,g16,3,3,0.00958,0.02131,0.01137,0.95773,8,0.3
S-3-622,g16,3,3,0.03438,0.02572,0.02697,0.91292,8,0.3
S-3-623,g16,3,3,0.00847,0.04510,0.05346,0.89297,8,0.3
S-3-624,g16,3,3,0.00866,0.00495,0.00930,0.97709,8,0.3
S-3-625,g16,3,3,0.00257,0.01407,0.00107,0.98229,8,0.3
S-3-626,g16,3,3,0.03976,0.03121,0.00650,0.92254,8,0.3
S-3-627,g16,3,3,0.00567,0.00957,0.00683,0.97794,8,0.3
S-3-628,g16,3,3,0.02022,0.00187,0.00483,0.97307,8,0.3
S-3-629,g17,3,3,0.00908,0.02117,0.01813,0.95161,8,0.3
S-3-630,g17,3,3,0.02328,0.01411,0.00234,0.96027,8,0.3
S-3-631,g17,3,3,0.00909,0.01706,0.06107,0.91278,8,0.3
S-3-632,g17,3,3,0.00348,0.01139,0.00956,0.97557,8,0.3
S-3-633,g17,3,3,0.02299,0.00577,0.00373,0.96751,8,0.3
S-3-634,g17,3,3,0.03925,0.00658,0.03728,0.91689,8,0.3
S-3-635,g17,3,3,0.01048,0.03047,0.01235,0.94670,8,0.3
S-3-636,g17,3,3,0.00378,0.00141,0.02095,0.97386,8,0.3
S-3-637,g17,3,3,0.02552,0.00592,0.00629,0.96228,8,0.3
S-3-638,g17,3,3,0.01829,0.00525,0.01413,0.96233,8,0.3
S-3-639,g17,3,3,0.00066,0.00116,0.01019,0.98799,8,0.3
S-3-640,g17,3,3,0.02549,0.00438,0.02940,0.94073,8,0.3
S-3-641,g17,3,3,0.00410,0.01282,0.00817,0.97491,8,0.3
S-3-642,g17,3,3,0.00160,0.01122,0.00026,0.98692,8,0.3
S-3-643,g17,3,3,0.00719,0.00265,0.02169,0.96847,8,0.3
S-3-644,g17,3,3,0.04334,0.05663,0.08823,0.81180,8,0.3
S-3-645,g17,3,3,0.03697,0.01806,0.03407,0.91090,8,0.3
S-3-646,g17,3,3,0.00519,0.10797,0.02031,0.86653,8,0.3
S-3-647,g17,3,3,0.00530,0.00075,0.00444,0.98951,8,0.3
S-3-648,g17,3,3,0.00691,0.00401,0.00956,0.97951,8,0.3
